{
  "packages": [
    {
      "id": 1,
      "name": "Paris Explorer",
      "description": "5 Days in Paris with guided city tour.",
      "price": 999,
      "image": "../images/paris.jpg"
    },
    {
      "id": 2,
      "name": "Bali Getaway",
      "description": "Relax on the beaches of Bali for 7 days.",
      "price": 799,
      "image": "../images/bali.jpg"
    },
    {
      "id": 3,
      "name": "New York Adventure",
      "description": "4 Days exploring NYC’s landmarks.",
      "price": 899,
      "image": "../images/newyork.jpg"
    }
  ]
}
